,0.0,0.05
benign,87.95,87.95
blacole,87.95,18.34
c99shell,87.95,0.0
coinhive,87.95,88.29
cryptscript,87.95,2.04
cryxos,87.95,15.45
faceliker,87.95,65.2
fakejquery,87.95,85.57
fareit,87.95,7.98
fbjack,87.95,5.6
hidelink,87.95,69.78
iframeinject,87.95,4.92
iframeref,87.95,74.53
inor,87.95,31.58
loic,87.95,1.7
phish,87.95,68.08
prepscram,87.95,2.04
ramnit,87.95,2.21
redir,87.95,73.17
refresh,87.95,0.0
scrinject,87.95,76.4
smsreg,87.95,1.53
submelius,87.95,0.0
virut,87.95,70.46
wapomi,87.95,72.84
zusy,87.95,5.94
